start_codon_index,translated_peptide,translated_peptide_length
0,MPPLLAPLLCLALLPALAARGRRPPTREPPLSAPFGNFGGARRARPTAGSGRRGGQHGEGKAGGPGRGVLESRDQGGPTFPLDPPVEADSRRPCLEPS,98
169,MEREKRAARGVGFWSPGIREDRPSPSIPPWRRTRAARAWSRVRRPVWGAGAPEALLRARPSPAARGACRRSAGRAGCLLFFDLNRVGFGFLLLLRAIYLLSSSPLAHAGADVGARSVGSAAPRSPSLTRAAGLGPRAPGRPARRCPPARLSVWGRGCVRSRRARGD,166
500,MLGRGVWALRRRVRLH,16
900,MGREGLE,7
940,MGSNSFRMGDLHPPPVGVWGLPWRCAPAEAGIGCRRRRGRVPRVLSRCPWRRPRLHNGPL,60
961,MGDLHPPPVGVWGLPWRCAPAEAGIGCRRRRGRVPRVLSRCPWRRPRLHNGPL,53
993,MGAALEMRARGGRYWVSAEAGPRPQGAVPVPLEAAPTPQWAALILRRRPALCWRAG,56
1011,MRARGGRYWVSAEAGPRPQGAVPVPLEAAPTPQWAALILRRRPALCWRAG,50
1109,MGRSDSEAEAGALLAGGVAGEQLSHFPTGGS,31
1284,MGGPALPDSSVSLQGGGQRFGE,22
1482,MLTPLWFHGGASCGPVPQQPMILSRVRPG,29
1504,MEGLPADPCPSNP,13
1542,MILSRVRPG,9
1582,MPLGWVQVPAPRVTRAFGGGGAGETDLSSPAPA,33
1691,MLPAR,5
1720,MAGSVKRPMARRPACEYHPCGTCCFVEGRAPAFCSRAGDRTLGHCLLEMAQSLGTVTC,58
1744,MARRPACEYHPCGTCCFVEGRAPAFCSRAGDRTLGHCLLEMAQSLGTVTC,50
1864,MAQSLGTVTC,10
1941,MLRVELVWLLRAWALLRGPPQAPGSLSGSPSTPILL,36
2156,MPPGHR,6
2176,MPPLGGDAS,9
2195,MPPRWVVMPLGLVVMPPLAQVMPPPGRVMPPLGA,34
2216,MPLGLVVMPPLAQVMPPPGRVMPPLGA,27
2237,MPPLAQVMPPPGRVMPPLGA,20
2258,MPPPGRVMPPLGA,13
2279,MPPLGA,6
2299,MPPGLAAMPPLGTGDATSWAGDASSGCVMPPLGTGDATSWVGDASSGW,48
2320,MPPLGTGDATSWAGDASSGCVMPPLGTGDATSWVGDASSGW,41
2342,MPPPGRVMPPLGA,13
2363,MPPLGA,6
2383,MPPLGTGDATSWVGDASSGW,20
2405,MPPPGWVMPPLGGDTSSRWVMPPLGGDTSSRRVMPPLGTGDTSWAGDATSGWVMPLQRKLTLQNRTRLWALCLPQLPLPGLRLGLGKRRWNSCFGVGCGVIIESGFCPGICKL,113
2426,MPPLGGDTSSRWVMPPLGGDTSSRRVMPPLGTGDTSWAGDATSGWVMPLQRKLTLQNRTRLWALCLPQLPLPGLRLGLGKRRWNSCFGVGCGVIIESGFCPGICKL,106
2465,MPPLGGDTSSRRVMPPLGTGDTSWAGDATSGWVMPLQRKLTLQNRTRLWALCLPQLPLPGLRLGLGKRRWNSCFGVGCGVIIESGFCPGICKL,93
2504,MPPLGTGDTSWAGDATSGWVMPLQRKLTLQNRTRLWALCLPQLPLPGLRLGLGKRRWNSCFGVGCGVIIESGFCPGICKL,80
2544,MPPPGG,6
2564,MPLQRKLTLQNRTRLWALCLPQLPLPGLRLGLGKRRWNSCFGVGCGVIIESGFCPGICKL,60
2680,MFWRGVWGNY,10
2786,M,1
2793,MGTEGAGKSCGTAPSCLPVSAHQPWGTVLLWPMPFNLSPSLMRIMRRCLVSGKRVPSAPQELQMKKWLPSQSARPHSNCRRSHSLDNPSPAPACADCPACGQQAPSLPGPHPPQTEAN,118
2889,MPFNLSPSLMRIMRRCLVSGKRVPSAPQELQMKKWLPSQSARPHSNCRRSHSLDNPSPAPACADCPACGQQAPSLPGPHPPQTEAN,86
2916,MRIMRRCLVSGKRVPSAPQELQMKKWLPSQSARPHSNCRRSHSLDNPSPAPACADCPACGQQAPSLPGPHPPQTEAN,77
2925,MRRCLVSGKRVPSAPQELQMKKWLPSQSARPHSNCRRSHSLDNPSPAPACADCPACGQQAPSLPGPHPPQTEAN,74
2982,MKKWLPSQSARPHSNCRRSHSLDNPSPAPACADCPACGQQAPSLPGPHPPQTEAN,55
2990,MAPQPVCAPSFQLQKVPFP,19
3170,MDKADCVFVRH,11
3205,MNAHYFFFFFFFCFLGPPSPSAEAARTLDALNLVSFHSETDSWDPGEVQQLLLGEAD,57
3209,MRTTFFFFFFFAFWGPLLPLQKPHGRLMP,29
3290,MP,2
3378,MPCD,4
3395,MRGFPECITPFPATALPARTLPLTHSGLWEKLLAPAEDFGRVGGTPCWENWGPVASSQWHQGVGTAWPTGVWD,73
3412,MYNPLPRHCAPGSDFASHPFGALGEASCSCRGLWEGGRNTVLGKLGACCFFSVAPGSRHSLAHRGLGLRSPWARALCFGVQIAAAPWCLG,90
3718,MGPLSHSPNLGSR,13
3791,MALVPGLVPFAGAWRPLLLGGKPASVWPDRQPSSAHRDPIVHTPQVQREDGTEARPQAPASGPQSWRPGPQPSPACGGTGQGSHSSLGDIAAASEKAPGSLPGLEPHPTYTPQVPLPSRSCPSFSEGPGGLSRS,134
3939,MGRKRVLRLLLLGRRVGGQGHSRARLVEAQVRAHTAVWGTLQPLRRRPRAPSLGLSPTQHTPLRCLCLPVPAHPSQKAQEVCPGVSQGTCRRPGSPSKGRNPHCFSKESGVQALGALPA,119
4389,MVMMGVTVPGSLVLGESFLSIPKRRNLHRKLPIRWLQGPGLEKVVLLVQNAFPGGQSVAVAWSASGQVESTWQHMLVGGGWLVSGQLLCEVWPWWLWSEMVAF,103
4395,MMGVTVPGSLVLGESFLSIPKRRNLHRKLPIRWLQGPGLEKVVLLVQNAFPGGQSVAVAWSASGQVESTWQHMLVGGGWLVSGQLLCEVWPWWLWSEMVAF,101
4398,MGVTVPGSLVLGESFLSIPKRRNLHRKLPIRWLQGPGLEKVVLLVQNAFPGGQSVAVAWSASGQVESTWQHMLVGGGWLVSGQLLCEVWPWWLWSEMVAF,100
4537,MPSQEVRVSPWPGQPVAR,18
4611,MLVGGGWLVSGQLLCEVWPWWLWSEMVAF,29
4628,MVGLWAAAVRGVAVVAVVGDGGLLSRPRGSLWPLALL,37
4686,MVAF,4
4934,MLAADGRVRMARGVFQELGEMGVGCHTQHLQEDVQLPAGWCALALDNLVSEAWPGH,56
4961,MARGVFQELGEMGVGCHTQHLQEDVQLPAGWCALALDNLVSEAWPGH,47
4994,MGVGCHTQHLQEDVQLPAGWCALALDNLVSEAWPGH,36
5031,MSSCLLGGAL,10
5130,MQASVSPACQPG,12
5153,MSAGLIHAGSLGGV,14
5205,MRTVWRGHLVSAPFFPAFSPLADSAGFQSLLPECLID,37
5303,MFN,3
5418,MAPAPGKSISQGGSSSQTRLSACCVLRSAPGQAPGGDRADMAPAPVEFTSQQGVREAPSSHVGHVGGVPARWWPGIAPGSPVKLSGSGTDK,91
5538,MAPAPVEFTSQQGVREAPSSHVGHVGGVPARWWPGIAPGSPVKLSGSGTDK,51
5599,MWDMLGVCRPGGGLA,15
5608,MLGVCRPGGGLA,12
5788,MSLNTAPASLSCPVISRLQADWGRGFPLKEEEGGSGGK,38
6038,MLS,3
6081,MQNLVFKGARVRKTCLKTCSIRGGQIT,27
6122,MFKNMQHPRWADHLRSGVQDQPGQHGETPVSTKNTKITQAQWRVPVIPATWEAEAGGSFEPRRRRLQ,67
6134,MQHPRWADHLRSGVQDQPGQHGETPVSTKNTKITQAQWRVPVIPATWEAEAGGSFEPRRRRLQ,63
6195,MAKPPSLLKIQKLPRRSGVCL,21
6559,MFSIEKNNNRKREREKENSNPGRKRVGQGRQCTRGSASTGQSWVRGPPDAGGKLETPQEPGLASFLIPCTCDGQQRPPVPTGQFQAGPRDCTLLLWGGDLSCFMSRL,107
6704,MRAANWRPHRSRDWLHSSFPAPVMGSSGHRCPLGSSRPGRGTAPFCCGEGTFPVSCLVYK,60
6773,MGSSGHRCPLGSSRPGRGTAPFCCGEGTFPVSCLVYK,37
6868,MSRL,4
6894,MWLCRIDWASSLPSSIMQR,19
6942,MQR,3
6950,MTAPHSGRRCYPAS,14
7124,MCRHIQNFPDLSPG,14
7379,M,1
7631,MDMYMEGFWVMTYSYYKICLFLFVF,25
7637,MYMEGFWVMTYSYYKICLFLFVF,23
7643,MEGFWVMTYSYYKICLFLFVF,21
7661,MTYSYYKICLFLFVF,15
7710,MESCFVTQTGLE,12
7793,MLLSSWDYRHIPPLPANFCILSRGRVSPYWSGWSQTPNLR,40
7970,MATFLFFEMGSHPVTQAGVKWWDHG,25
7994,MGSHPVTQAGVKWWDHG,17
8128,MPS,3
8173,MLSRLKM,7
8191,M,1
8212,MLLLDI,6
8395,MNGIVP,6
8399,MELCHRWSFAPGFFH,15
8452,MCLRFIHVTRGLELHSSEDYILASRSIRDWPEVDPSIPAPRQSRGGRCWEGVRGGFLEEMALTLGRCSHPTATEPPRGSPGIFPGEPVGWTGVPAAPVLLRTPRQAHNLSLGLTHASRQAVQHPLAPRRHTVGPRSLSVHTPGAVRMQSRGSLLSIYYMLNPGVWVGTADAGPPGQGRSMPLKNQATGWTGLATS,195
8471,MSRVD,5
8629,MALTLGRCSHPTATEPPRGSPGIFPGEPVGWTGVPAAPVLLRTPRQAHNLSLGLTHASRQAVQHPLAPRRHTVGPRSLSVHTPGAVRMQSRGSLLSIYYMLNPGVWVGTADAGPPGQGRSMPLKNQATGWTGLATS,136
8718,MDWRARGPCPAQDSETGSQPVPGPHSCQPPSCSASLSPQEAHSGAAVTERPHAWCCKNAK,60
8795,MPAAKLFSIP,10
8890,MQSRGSLLSIYYMLNPGVWVGTADAGPPGQGRSMPLKNQATGWTGLATS,49
8926,MLNPGVWVGTADAGPPGQGRSMPLKNQATGWTGLATS,37
8943,MGGHGRCRPPWAGEEHAP,18
8960,MQAPLGRGGACPLRTRPQDGRAWPQARGSHCSLHGLLCAKSVLWDPIWVHLLWLSSEAHHGAASTLAGTGSAAGSSRPKERRWLGQRGAVRLWTHPWGGQASQPPPAQSACSGAFPSLDRALCDWLQAASPPGPSGSA,138
8989,MPLKNQATGWTGLATS,16
9015,MDGLGHKLGVVTAAFMASCVQSQCCGTPSGCTCCGFQVRPTTEQLPRWLGQGQRQGAPDQRSGGGWGSGGQ,71
9060,MASCVQSQCCGTPSGCTCCGFQVRPTTEQLPRWLGQGQRQGAPDQRSGGGWGSGGQ,56
9247,MGRAGISAPTRPVCLLRGLPFPGQSSV,27
9388,MPWPRSRPV,9
9460,MVSSPSCPWDGEAPCPLQGTRPASGP,26
9501,MSPAGHQASQWPLTARPCLQAAGGLLPVGRMRAC,34
9591,MRAC,4
9803,MHPLPQEGS,9
10225,MHPLPREGS,9
10487,MQSGGFGWVPKGPCEPWGPGPSHLAAPAGREIPSSESSAPQPQLQPRHQGSVGRGWGSGSLRSVGLPCCGSCNFLEGGLGPGVQWGLWGRTRGLCGEGLGALWGRTWGLCGEGLGGSVGRDWGLCGEGLGGSVRRDWGALWGGTGGSVGRDWGLCERELGGSDVLGVHRGGFASDIHTCSSQAHTAAPSGSSQSQSVSGHYQGRLRIRPGPDAARTQPPQRLPPQ,225
10974,MCWACTGEALPLTSTPAVPRHTQRPHRGPRNHSL,34
11121,MLPGPNPHSACRHSRDQWPQNTHPASLARGCSVWWAPGGRCSRPVGGLPAPWLLVEIFPQEIVVLFLLLRLALRLVTRPDLALIGR,86
11171,MATEHSPGLTCTGLFSLVGTRWALFSPSGRPASSLVAS,38
11378,MRICHQMSTLSTQSPGLGVHCASLKGLNWLFKAG,34
11396,MSTLSTQSPGLGVHCASLKGLNWLFKAG,28
11483,MPP,3
11638,MHRV,4
11699,MRAGRSRRSPSCRDDNRAQRRWLPASCPLPRSGVTQRDSWPEPQAPAQGATAGRPGFIRDAFVPHQVQRRKLARPSLSLKQAPPQPKRSG,90
11739,MTTGHRGGGSQLPALFPVVGLPSVTHGPSHRHPPREPRRGDLALLEMRSCLIKSKGGNWRVPHFP,65
11815,MARATGTRPGSHGGETWLY,19
11877,MRSCLIKSKGGNWRVPHFP,19
11989,MP,2
12044,MVTEPARGLRP,11
12301,MSPVPHSRAAWWGPPSSARFQLLTSGNTQLLEMRGLGEPPGVEHVWFP,48
12397,MRGLGEPPGVEHVWFP,16
12431,MCGFPDGFSVRDA,13
12465,MLELRLGTGWCAEGAGPESPPWASTLHPYRGTWVGPSSRGAAPGWPLLLPLQWSEGGWPHSCLTESQVGRPGGAECPGSTWWRGSGRGEVLSWASRVWPSTELCSSLVDGPGWAVGSPGARWAVGMEVEAGGWLQVTGRLGSSLQGLQSRPATPTRPSPFQVWGGTGSTTQATDFFPPRGPCDPGPPPPL,190
12704,MVAGLRPWRGPVLGLQGLAQHRALQLSGGRAWLGCRQPWGQVGSGNGGGGRWVAAGDWKAWLQPAGAAVQAGHPHETFPLPGVGWHWVNNTGHGLLSPTWAVRPRAATTSLSSPPP,116
12840,MEVEAGGWLQVTGRLGSSLQGLQSRPATPTRPSPFQVWGGTGSTTQATDFFPPRGPCDPGPPPPL,65
13058,MGSGWGHEVSPRAPDSPSCRPRGWATAANCCAFF,34
13077,MKCPPGLLTAPAAVLVAGRLPRIVAPSFELATESWRLWEV,40
13178,MAAVGGVAGSRAARPAPPGMCHLCHPPWSPFLVLWGPLQEGLSQRPATGSGETVWDLHAVVCYLIEVMCGIWARSCGIG,79
13235,MCHLCHPPWSPFLVLWGPLQEGLSQRPATGSGETVWDLHAVVCYLIEVMCGIWARSCGIG,60
13350,MQLCAI,6
13379,MCGIWARSCGIG,12
13651,MGPSQGCRHLPGSHFPSVG,19
13788,M,1
13912,MGMR,4
13918,MR,2
14050,MPGVLLRQRGLRLRPSFTSADAPRVLWVKGHRCPPAGREEGRGAGGWVSLAQGSAPTTLGFCVSVEL,67
14256,MLCLLQTSRSWEIRWSGKTSRPSGWGWGCGGHAPSSSFPGSFCHSCATLGSCLALPRSGPHQQVWF,66
14516,MGPLHAPRAVVGVP,14
14557,MRQSLESPSVGQARRVVGSVSSLLGWCVPDRCLGIPSLPAAFLTRTLDMESAPPGDCPAGCGAHSRGEQEPLRGAPSCHPQRQDLFRSSGGRLPEACLALARSAACDARLHSWSVV,116
14649,MSRDPFPPCSILNKDAGHGVSTSGRLPCWLWGSLQRRTGAPPGSPFLPPPATGSVQEQWWEVARSMSGAGPERSL,75
14701,MESAPPGDCPAGCGAHSRGEQEPLRGAPSCHPQRQDLFRSSGGRLPEACLALARSAACDARLHSWSVV,68
14844,MSGAGPERSL,10
14876,MPDFIHGVWFEPSSSAAVGLSIAFPASEPSWGAGLGWVFLGAEPRRVMTILASPTQEVCPHGSLGAVGVTQGRRHMPAFGGSAWEIPAVEQQVGLQQAFFTLQTACGGTLVTPSSWGLRACWAVSWHFGEGLATCPQSGHPSSAISTGLLSVRCRQPFPCRVRALFSRLRER,172
14892,MECGLSPPAALLWACPLPSLPLSHRGVQGWAGSSWEQSPGVS,42
15017,MTILASPTQEVCPHGSLGAVGVTQGRRHMPAFGGSAWEIPAVEQQVGLQQAFFTLQTACGGTLVTPSSWGLRACWAVSWHFGEGLATCPQSGHPSSAISTGLLSVRCRQPFPCRVRALFSRLRER,125
15057,MGP,3
15101,MPAFGGSAWEIPAVEQQVGLQQAFFTLQTACGGTLVTPSSWGLRACWAVSWHFGEGLATCPQSGHPSSAISTGLLSVRCRQPFPCRVRALFSRLRER,97
15277,MPPEWPPQLRHLHGPSVGQMQTAVPMSGEGIVFPAAGKVASREDRFCPHPASHTKGFPGARGGNLAFLHFLLRTF,75
15334,MQTAVPMSGEGIVFPAAGKVASREDRFCPHPASHTKGFPGARGGNLAFLHFLLRTF,56
15352,MSGEGIVFPAAGKVASREDRFCPHPASHTKGFPGARGGNLAFLHFLLRTF,50
15516,MQLGEKICRQKSWGCRQQLFGPESLAPAQTPAGSLRCGGPAATPAPPNSAPCCPLSPERRLFGAGSFSGPPPP,73
16008,MGKEAGSRKGRKTQRLQGAFQGLLATAEAPASCLNRGWDTGSWQV,45
16483,MEACLGKHPHPGLALSPRLQ,20
16578,MAPFAWAGRWVGLSVWPRSPGGAHCQWRR,29
16604,MGGPVCVAQVTWWGPLSVA,19
17090,MC,2
17100,MLISAGQLLPFPSQGAGVCRAVPSPLGSAAPVHRRGPRTVPARPTNCPCPSLHCPCPSPSLSLPIPRTVPAHPQHCPCPSPPHRPCPSPPHCPCPSPPTVPAHPCLGRCCHLVEPWEAPLPPRVSGSCGGCRASHITDTPAGLGPADPTPPPLCSASACAPIPGPA,166
17444,MGSTSPTQGLWFLWRVQSQPHH,22
17597,MTINSLRAGSE,11
17716,MAA,3
17820,MERPWQGGWEWHSGNTEAGTKWWR,24
18040,MGQAGAG,7
18263,MRGRWKVGCGSLMEALRIPVGAAAVGCHLTRPSPGAHLAAHTHLAAGTALKTEWPGYRGCGQRQSCEGFAHRLVVLAMAMLQA,83
18299,MEALRIPVGAAAVGCHLTRPSPGAHLAAHTHLAAGTALKTEWPGYRGCGQRQSCEGFAHRLVVLAMAMLQA,71
18494,MAMLQA,6
18500,MLQA,4
18600,MWERGTDWGGHRLEAAHSSSGRLGPKLPPTHRPPHLAQNFLQARPGSPQLARLTEPPSRGCGAVAGAFPVVSDAQAGSGGGQWALSACIPPREPPQASGWGSCPTRWEQLPPRLTPAPSRPLSEHRRLIYGACFPLAGPA,140
18817,MPRLGVGADNGPSQPAFPHGSLLRPPAGAPAPPAGSSCRHV,41
18845,MGPLSLHSPTGASSGLRLGLLPHPLGAAAATSDTCSQPPFVRAPTPDLWGVFSSCWPGVIQPR,63
18988,MGRVFLLLARRDTASLTGMRPVGQILPQSSTLGSALRVGSGARCPGRVSWSIQGQPMSCDLRALGGRLL,69
19042,MRPVGQILPQSSTLGSALRVGSGARCPGRVSWSIQGQPMSCDLRALGGRLL,51
19156,MSCDLRALGGRLL,13
19247,MGLPCPSSPSCPAGELFPLLGASRGREAGDQLAWARLRSLQPRL,44
19345,MGQAEEPPAPALMTERPLSCTHPLPTSAAGKAKRAFSPSGSCGQLPPDNGAFMWREGAPPVATAQPSPACALHGFPAAAPPRGPASL,87
19381,MTERPLSCTHPLPTSAAGKAKRAFSPSGSCGQLPPDNGAFMWREGAPPVATAQPSPACALHGFPAAAPPRGPASL,75
19490,MGHLCGGRAPLLWPQPSPAQPVHSTGSQRPLHLGDRPACNWICMQWEPRLPSQQVPAEAGLSLQPRSDRPHGMEEGEPHSGAVPVAHWAGRSRSKA,96
19501,MWREGAPPVATAQPSPACALHGFPAAAPPRGPASL,35
19619,MQWEPRLPSQQVPAEAGLSLQPRSDRPHGMEEGEPHSGAVPVAHWAGRSRSKA,53
19701,MGWRRGSLIPGLCPSLTGLAGAVARPE,27
19706,MEEGEPHSGAVPVAHWAGRSRSKA,24
19815,MCFL,4
19866,MVGQSGPFAFSLPKPWSRVKAFGEDRCLPGLWDRGVAGC,39
19943,MPPGPLGQGRGWLLRNAQEPPPPASTSPSG,30
20258,MPTQGLSREAAAFPGRWGR,19
20328,MFCFRGFTTGKSGARRVPDLFPERKARR,28
20431,MTTAGGWGGQALRLLPQGTGETRPGWRCRTPPLAPLVLSEPRLCVRGEGQPFTHLDGVAETWQRDLLLAPWFPRL,75
20511,MQDPSPGSPCSL,12
20658,MWVLLLLADVPGCEL,15
20683,MCLDVSYEDSMPKGKRVWGLSVGRERASLHPQCDLDMRCPIPIAVSA,47
20693,M,1
20702,MKTQCRKGNVSGG,13
20713,MPKGKRVWGLSVGRERASLHPQCDLDMRCPIPIAVSA,37
20791,MRCPIPIAVSA,11
20796,MSHPHCSLSLRCPIRKASWPGAVAYACNPSTLGGRGGQITRSRDQDQPGQHGETLSLLKIQKLAGHGVRCL,71
20947,MVKPCLY,7
20992,MVSGACSPSYSGG,13
21210,MLTPEGWKNHGLCYCPSNACSL,22
21262,MPVRFSKAGKKSR,13
21334,MHPAPLHGSPRV,12
21353,MALRGCRPRPLPGLWSPSWVLLEHPSL,27
21630,MCLVPEHFISPKGTPLSSRCARARGVGGGGCAHDRFPVLSGGGAGEAGGN,50
21727,MTGSRC,6
21834,MPGPQPVPQHPLQERRDMPRGGPQRRGRLCLQLCPGLLWAPLPDTPGQCLPHQPLPQRGHLRPAHADGVQVPLPARLVR,79
21885,MPRGGPQRRGRLCLQLCPGLLWAPLPDTPGQCLPHQPLPQRGHLRPAHADGVQVPLPARLVR,62
21920,MPAAVPWASLGPSA,14
21977,MPASPTPAATGAPATCSR,18
22480,M,1
22706,MAPPAGRMSTSVARSPGFAATEAPATTRSAPTAASAAPPTLAPTASGPTCPAAPRPARTGAPAAPRATSPTSVPACQVVLPAGRGARAPPRLPGPGGGNGAPGVGAALGGPMAGSWEGGMASSPDCVWCRGDASGAGCALGGGLHRVQVPARVSGVSRNSHSSCRTPCLPPVQAP,175
22727,MSTSVARSPGFAATEAPATTRSAPTAASAAPPTLAPTASGPTCPAAPRPARTGAPAAPRATSPTSVPACQVVLPAGRGARAPPRLPGPGGGNGAPGVGAALGGPMAGSWEGGMASSPDCVWCRGDASGAGCALGGGLHRVQVPARVSGVSRNSHSSCRTPCLPPVQAP,168
23039,MAGSWEGGMASSPDCVWCRGDASGAGCALGGGLHRVQVPARVSGVSRNSHSSCRTPCLPPVQAP,64
23063,MASSPDCVWCRGDASGAGCALGGGLHRVQVPARVSGVSRNSHSSCRTPCLPPVQAP,56
23321,MALPAILLVSCGCG,14
23585,METILANTAKPRLY,14
23652,MVARACSPSYSGG,13
23850,MAVRWEWGEGIQAGVGLEGAQGPG,24
23867,MGRGHSGRGGAGGCTGSWLTHGWPKGCPTPLEAPSWPGPCKGEAPWLPSQLSPATSACRHQTCAFPASHWASVGWGQTLPGQLGSLQGGAQSPSAGGGSDAFLAARDPTSSHTD,114
24165,MPS,3
24299,MPTRLGQGG,9
24358,MPGVLGRLRATARAGAAQGPGEWAGREGEGLVGFTHLSVGRSQRLGCWGLGHPSGEGCAHCLLWSLAVSG,70
24572,MTIRGPPQMTQACQTPASDCPRRPLHPGPLKGPQPPLGGQEPRRQLCVESRGTEMGAALSSAGPGTGWDLGSHSLPGTSALSPRGVAGRGYVAEGPAGVHGALAGFPPSPPLCASASALQGSPGVAGPARGPICLGAGVQGPTHEWDRDSGSRL,154
24596,MTQACQTPASDCPRRPLHPGPLKGPQPPLGGQEPRRQLCVESRGTEMGAALSSAGPGTGWDLGSHSLPGTSALSPRGVAGRGYVAEGPAGVHGALAGFPPSPPLCASASALQGSPGVAGPARGPICLGAGVQGPTHEWDRDSGSRL,146
24734,MGAALSSAGPGTGWDLGSHSLPGTSALSPRGVAGRGYVAEGPAGVHGALAGFPPSPPLCASASALQGSPGVAGPARGPICLGAGVQGPTHEWDRDSGSRL,100
25002,MSGTGTQAPGSEFFFFF,17
25235,MLSRLVLNSWAQAIHPLQPPKVPGFQA,27
25458,MSQREGPSRWELQGQRGFKGISGGRQLVTGCRFGCCRTRLSGLIIEPAGVEWINS,55
25738,MGHLNLCSFPGAARGPPCPSQQPAGPMSPCCSEPRPQCQPLKMGCAAPLWRHCREL,56
25816,MSPCCSEPRPQCQPLKMGCAAPLWRHCREL,30
25864,MGCAAPLWRHCREL,14
25911,MQAAPRCRSCRNLLKETQGFL,21
26033,MILSSRACPSGHWSEAGDGHRPRGPQGRAVEARLLCPEQCVGGPGRSRTGPQGRG,55
26485,MMGAPLPVARVWCPSPRGSAQTGPWLVCVGRLQPGSRQPLCPVGCPGIEGLQHPTQATLPGPVTGMPG,68
26488,MGAPLPVARVWCPSPRGSAQTGPWLVCVGRLQPGSRQPLCPVGCPGIEGLQHPTQATLPGPVTGMPG,67
26680,MPG,3
26688,MNRQALCSGITLWWGDGQRCTPTQQCPQSTKRRQDSMVLGLQRKE,45
26796,MVLGLQRKE,9
26980,MWTSAS,6
27000,MPNACQNGGTCHNTHGGYNCVCVNGWTGEDCSENIDDCASAACFHGATCHDRVASFYCECPHGRTGECLEAQVGAGGSHGPGLSCVTSPRDCGPPAPRIT,100
27007,MPARTAGPATTPTVATTACVSTAGLVRTAARTLMTVPAPPASTAPPAMTVWPPSTASVPMAAQVSALRPRWAQGAHMGQA,80
27106,MTVPAPPASTAPPAMTVWPPSTASVPMAAQVSALRPRWAQGAHMGQA,47
27148,MTVWPPSTASVPMAAQVSALRPRWAQGAHMGQA,33
27184,MAAQVSALRPRWAQGAHMGQA,21
27235,MGQA,4
27371,MPDGVTAGSSSWGVSGVGPQPWVVCHAWPRGRAH,34
27447,MPGPGAVPTDRRCLPRSAVPPQRRMHQQPL,30
27519,MHQQPL,6
27572,MARPSAPAPRGTRARPAARTWMSARWVGASTGGAARWGWQPGPRTDEKSILASGGAQLDGGWDPASPMGVVCSEVLQGPGCLEQPLTRVPSPGANPCEHAGKCINTLGSFECQCLQGYTGPRCEIDVNECVSNPCQNDATCLDQIGEFQCICMPGASAGARAGNRVEAGQPWRGSPGNICGLLPLSPASMPSGPTACTGHGETEARPQGQQSTGAVLGR,219
27635,MSARWVGASTGGAARWGWQPGPRTDEKSILASGGAQLDGGWDPASPMGVVCSEVLQGPGCLEQPLTRVPSPGANPCEHAGKCINTLGSFECQCLQGYTGPRCEIDVNECVSNPCQNDATCLDQIGEFQCICMPGASAGARAGNRVEAGQPWRGSPGNICGLLPLSPASMPSGPTACTGHGETEARPQGQQSTGAVLGR,198
27708,MRSRFWLQGVPS,12
27747,MGDGTLPVRWGWCAVRCCRGQGAWSSLSPVCPRQVPTPASMRASASTRWAPSSASVCRATRAPDARSTSTSASRTRARTTPPAWTRLGSSSASACPVRRPGPGRETESRLGSLGGAAPGTSVGCFRFPQPPCLLGPQPAQGMGKLRPGHRASRARGQC,158
27754,MGPCQSDGGGVQ,12
27773,MGVVCSEVLQGPGCLEQPLTRVPSPGANPCEHAGKCINTLGSFECQCLQGYTGPRCEIDVNECVSNPCQNDATCLDQIGEFQCICMPGASAGARAGNRVEAGQPWRGSPGNICGLLPLSPASMPSGPTACTGHGETEARPQGQQSTGAVLGR,152
27867,MRASASTRWAPSSASVCRATRAPDARSTSTSASRTRARTTPPAWTRLGSSSASACPVRRPGPGRETESRLGSLGGAAPGTSVGCFRFPQPPCLLGPQPAQGMGKLRPGHRASRARGQC,118
27937,MRDRRQRVRLEPVPERRHLPGPDWGVPVHLHARCVGRGQGGKPSRGWAALEGQPREHLWVASAFPSLHAFWAHSLHRAWGN,81
28028,MPGASAGARAGNRVEAGQPWRGSPGNICGLLPLSPASMPSGPTACTGHGETEARPQGQQSTGAVLGR,67
28139,MPSGPTACTGHGETEARPQGQQSTGAVLGR,30
28170,MGKLRPGHRASRARGQC,17
28228,MRVPGQGPRAAGERVRRGPVVAGTLGWRQGSFLSQVHSCAQWGTGAARAPLTVAPPHRLRGCALRGQHRRVCQQPLPAQWPLPGQDQ,87
28464,MAAAWTRSMSSSASAPRVRATPAPCPRVVCTLAS,34
28488,MSSSASAPRVRATPAPCPRVVCTLAS,26
28925,MSGWECFQTSPKEGQGPVGSGSLPRGRGGAQGQEILLDLGAAPSAWREGYTRSCSAQTGRRLQPGFLRARCWEGGQPALSCHVPCPTARQRQGYAENHVGQVGLQWR,107
28933,MGVFSDFPEGRAGPSGEWELAQGSRWSPGPGDPP,34
29134,MLGGRPACPVLPCPLPNGTPATRVCREPRGAGWPAMEMMAARGGLGGTLRGLGERCFHLSQSWGPGRRAQGGVASPSLGSQDIDYPSQTLERGEPHSQPGSTVAIATQSVWEKGPFCGSEGVWCWGRGFDPGSGQREAGRAGAG,144
29169,MSPAQRHASDKGMQRTTWGRLACNGDDGCPGRTWRNSQGPG,41
29205,MQRTTWGRLACNGDDGCPGRTWRNSQGPG,29
29239,MEMMAARGGLGGTLRGLGERCFHLSQSWGPGRRAQGGVASPSLGSQDIDYPSQTLERGEPHSQPGSTVAIATQSVWEKGPFCGSEGVWCWGRGFDPGSGQREAGRAGAG,109
29245,MMAARGGLGGTLRGLGERCFHLSQSWGPGRRAQGGVASPSLGSQDIDYPSQTLERGEPHSQPGSTVAIATQSVWEKGPFCGSEGVWCWGRGFDPGSGQREAGRAGAG,107
29248,MAARGGLGGTLRGLGERCFHLSQSWGPGRRAQGGVASPSLGSQDIDYPSQTLERGEPHSQPGSTVAIATQSVWEKGPFCGSEGVWCWGRGFDPGSGQREAGRAGAG,106
29660,MTPSPPLPGPRLHWASVPVRCGRVCQHPLQEWCQVPGRTQHLHLCVHGRCGLAPTSGEGLGTGQGTQGSETDKVMDTLVWATWSRGREHSSAPILSRWECHARSPPQVGTGDPRSGHGCPGGRQS,125
29719,MWTSVPAPPARMVPSAWTDPTLTPVCARKVRAGAHQRGGTGDGTGHSGQ,49
29752,MVPSAWTDPTLTPVCARKVRAGAHQRGGTGDGTGHSGQ,38
29882,MDTLVWATWSRGREHSSAPILSRWECHARSPPQVGTGDPRSGHGCPGGRQS,51
29956,MPRSEPSSGWHR,12
30009,MGVPGAASPKSSCARPSHGPGYTGTHCEVDIDECDPDPCHYGSCKDGVATFTCLCRPGYTGHHCETNINECSSQPCRHGGTCQDRDNAYLCFCLKGTTGGRPGGWPAGGQWAGRA,115
30103,MSATPTPATTAPARTASPPSPASAAQATRATTARPTSTSAPASPAATGAPARTATTPTSASA,62
30410,MTVPAAPATRAPVWTRSMATSVPVSRATQVSGPARGG,37
30461,MATSVPVSRATQVSGPARGG,20
30668,MGPPDPSCLRSELSQAVLAEWPSRPRGSSQP,31
30893,MT,2
30932,MAHCDPRWFLTPGRMWPEG,19
30952,MVSDTWKDVARRVIAPAQQTGKSRLTWVGPPGRWASESDPPCP,43
30974,MWPEG,5
31089,MCNINIDECAGNPCHNGGTCEDGINGFTCRCPEGYHDPTCLSEVNECNSNPCVHGACRDSLNGYAAGPIMGTHQS,75
31108,MSVRATPATTGAPARTASMASPAAAPRATTTPPACLRSMSATATPASTGPAGTASTGMRRGRSWGHISPKPWELCCQEGGTCTELEMGQKRASDGAGWQGAPLGDAHASGSSVRLQSTPSSCVLRVLVGCMVCSGHRPTVTLEHVSMVTAASVSDAHDVPGSTLPGWDHLNQQGPHCPHLAQRRHVLCSGPHSGQVVGGFSQHPTALHLAWSPR,214
31162,MASPAAAPRATTTPPACLRSMSATATPASTGPAGTASTGMRRGRSWGHISPKPWELCCQEGGTCTELEMGQKRASDGAGWQGAPLGDAHASGSSVRLQSTPSSCVLRVLVGCMVCSGHRPTVTLEHVSMVTAASVSDAHDVPGSTLPGWDHLNQQGPHCPHLAQRRHVLCSGPHSGQVVGGFSQHPTALHLAWSPR,196
31222,MSATATPASTGPAGTASTGMRRGRSWGHISPKPWELCCQEGGTCTELEMGQKRASDGAGWQGAPLGDAHASGSSVRLQSTPSSCVLRVLVGCMVCSGHRPTVTLEHVSMVTAASVSDAHDVPGSTLPGWDHLNQQGPHCPHLAQRRHVLCSGPHSGQVVGGFSQHPTALHLAWSPR,176
31279,MRRGRSWGHISPKPWELCCQEGGTCTELEMGQKRASDGAGWQGAPLGDAHASGSSVRLQSTPSSCVLRVLVGCMVCSGHRPTVTLEHVSMVTAASVSDAHDVPGSTLPGWDHLNQQGPHCPHLAQRRHVLCSGPHSGQVVGGFSQHPTALHLAWSPR,157
31296,MGTHQS,6
31366,MGQKRASDGAGWQGAPLGDAHASGSSVRLQSTPSSCVLRVLVGCMVCSGHRPTVTLEHVSMVTAASVSDAHDVPGSTLPGWDHLNQQGPHCPHLAQRRHVLCSGPHSGQVVGGFSQHPTALHLAWSPR,128
31427,MPLGPQSDYSPHPAAVCCVSLWAAWCAQDTGPQ,33
31498,MVCSGHRPTVTLEHVSMVTAASVSDAHDVPGSTLPGWDHLNQQGPHCPHLAQRRHVLCSGPHSGQVVGGFSQHPTALHLAWSPR,84
31546,MVTAASVSDAHDVPGSTLPGWDHLNQQGPHCPHLAQRRHVLCSGPHSGQVVGGFSQHPTALHLAWSPR,68
31571,MPMMCLAALCLDGTI,15
31577,MMCLAALCLDGTI,13
31580,MCLAALCLDGTI,12
31605,MGPFKSAGTPLPSFGAEKARALFGATQRASGGGLFAAPYCPALGMVPSLMNQTPAAVLGMGSAAAPTFFFILRQSLALLSRLECNGMISAHCNLHPSGSSDSPASASRVAEITGMCHHTWLIFVFLVYMGWGSFAMLARLILNSWPQVTQPPPPPKVLGLQV,162
31737,MVPSLMNQTPAAVLGMGSAAAPTFFFILRQSLALLSRLECNGMISAHCNLHPSGSSDSPASASRVAEITGMCHHTWLIFVFLVYMGWGSFAMLARLILNSWPQVTQPPPPPKVLGLQV,118
31752,MNQTPAAVLGMGSAAAPTFFFILRQSLALLSRLECNGMISAHCNLHPSGSSDSPASASRVAEITGMCHHTWLIFVFLVYMGWGSFAMLARLILNSWPQVTQPPPPPKVLGLQV,113
31782,MGSAAAPTFFFILRQSLALLSRLECNGMISAHCNLHPSGSSDSPASASRVAEITGMCHHTWLIFVFLVYMGWGSFAMLARLILNSWPQVTQPPPPPKVLGLQV,103
31858,MA,2
31863,MISAHCNLHPSGSSDSPASASRVAEITGMCHHTWLIFVFLVYMGWGSFAMLARLILNSWPQVTQPPPPPKVLGLQV,76
31947,MCHHTWLIFVFLVYMGWGSFAMLARLILNSWPQVTQPPPPPKVLGLQV,48
31989,MGWGSFAMLARLILNSWPQVTQPPPPPKVLGLQV,34
32010,MLARLILNSWPQVTQPPPPPKVLGLQV,27
32144,MGTSASP,7
32305,MSVNPTLVSTAAPAKT,16
32352,MTSGYVCTCREGFSGEWAARFSVQRAALESGELETQDRDPGPASTMHGVSLPWQSLSSRPLALGDEEGPGVGSRPRAAVVGPCQGAWECWTCRVLSPSLQVPTARPTSTSVRPTHV,116
32487,MHGVSLPWQSLSSRPLALGDEEGPGVGSRPRAAVVGPCQGAWECWTCRVLSPSLQVPTARPTSTSVRPTHV,71
32491,MVSPSRGKALAPGLWLLEMRRGLGWGAGPGLLLWGPAKVPGSAGHAECCPLPSRSQLPDQHQRVCVQPMSEPGHVY,76
32545,MRRGLGWGAGPGLLLWGPAKVPGSAGHAECCPLPSRSQLPDQHQRVCVQPMSEPGHVY,58
32624,MPSAVPFPPGPNCQTNINECASNPCLNQGTCIDDVAGYKCNCLLPYTGEGWVGPVLEGAGPMWEGRDLCWRGRSLCWRGWGQGWGRPGKP,90
32695,MSEPGHVY,8
32807,MWEGRDLCWRGRSLCWRGWGQGWGRPGKP,29
32980,MWAFSRGWGWQISKDTGCLGENFHASMCFTWQACRKTQVRCR,42
33030,MPGRKFSCKHVFYLASLPQDTGKMQVNP,28
33050,MQACVLPGKPAARHR,15
33058,MCFTWQACRKTQVRCR,16
33099,MQVNP,5
33227,MAGSLCVSGTRSPLFGLSGEGDVPPTVQPLL,31
33291,MFPQLSSPCYEPSQGDHRK,19
33319,MNPAKGITGNDLL,13
33347,MISSRKDKEESTSTGVLALPRSGQRVLPRGLVREGLPGPGSRAGGPTPAVPMTSSSLWPERCFL,64
33500,MTSSSLWPERCFL,13
33805,MGDREDNAVPTAINRKLGHGLVQKKALGCARGSHIAFARHPAWPWRSPGRAPCPDTQDVLGAWACPLHRSPCLLASRDGRLLPVTRSPRISFRPRSQARAFPRHPEMRGLASGVGPGPCSVVEPTRLRPPLLVQSLFLGTPGGVRPRLCPAANRE,155
33860,MGLCRKRPSAVHVVPT,16
33977,MCWGPGPVPSIAALVCWPPVMGVCCL,26
34037,MGVCCL,6
34123,MRGLASGVGPGPCSVVEPTRLRPPLLVQSLFLGTPGGVRPRLCPAANRE,49
34269,MRGGF,5
34429,MAERPAGGGRFGRSLWVRLPGSRVSPSRRCHV,32
34596,MRASPVSAPRAGKVRLARAR,20
34667,MGGQDVCGTQAAPRQAR,17
34680,MSAGHRQLPGRLDESLKRSWWVLRRPWSEKFWNQELTWEHRSQLQFL,47
34717,MSL,3
34854,MVLGSRKPTPGSGEAL,16
35208,MVLAISTQGGRSVAGEGWVRCGGCAEGWPGWFRRAPEPACSSLHFAEESREPLPRLFTEPRMARARPALPPGSSGPAAGQGSQASQPCFTEVEVGRSRGSCWHHLAGRGKNCLSSPARSVKPAKLPPALELEDRSRWGERPQAQETGVTQPVGAGAPHQTPLSQGCLPQPRQRKAGLSPAMQPSRPPPAGVGLCLPLTLTLPSSPRPVSQRGLLHRRHQHGLLRLPARLPGHFL,234
35276,MC,2
35288,MARVVQEGPRAGLLLPALRGRVTRAPPTALH,31
35391,MARARPALPPGSSGPAAGQGSQASQPCFTEVEVGRSRGSCWHHLAGRGKNCLSSPARSVKPAKLPPALELEDRSRWGERPQAQETGVTQPVGAGAPHQTPLSQGCLPQPRQRKAGLSPAMQPSRPPPAGVGLCLPLTLTLPSSPRPVSQRGLLHRRHQHGLLRLPARLPGHFL,173
35748,MQPSRPPPAGVGLCLPLTLTLPSSPRPVSQRGLLHRRHQHGLLRLPARLPGHFL,54
36132,MQASA,5
36461,MPTRLVKPLST,11
36675,MPSTQPPPAHPLAAPASTVAPAWTASTRSPACVHPASRAATASTMSMSATHSPACMAAPVRTAAAPTGAPAPRATLAPTAR,81
36807,MSMSATHSPACMAAPVRTAAAPTGAPAPRATLAPTAR,37
36813,MSATHSPACMAAPVRTAAAPTGAPAPRATLAPTAR,35
36840,MAAPVRTAAAPTGAPAPRATLAPTAR,26
37083,MRKQQAPSFQSQVSGAGAGAQELGN,25
37294,MGCSLGWSRPLGRCAF,16
37332,MCVLSYRGNGRGAGTQLTPICPQNLVHWCDSSPCKNGGKCWQTHTQYRCECPSGWTGLYCDVPSVSCEVAAQRQGNLLCPPSSGPSPSRSSVGLGLTCLPPHPPQVLTLPACASMEGSVWTRATRTTAAARRATQAATVRTWWTSAHPAPARTGPPARTTWAATPARWGSLLG,173
37357,MAGARAPS,8
37448,MLADPHPVPLRVPQRLDRPLLRRAQRVL,28
37674,MEGSVWTRATRTTAAARRATQAATVRTWWTSAHPAPARTGPPARTTWAATPARWGSLLG,59
37938,MHCSVSLGEGWGNQGRLPGRGGLWKA,26
38046,MGFSLPLDCVWAWPTPTLRPSPLSYGTGSTHPQQAVTPVTEAPPGSVGLGLSPGLTGARGPWLRWT,66
38119,MGRGPPTPNRQ,11
38256,MWPCQPSQWGVGALHPGAG,19
38520,MARAGAGQAPRDRPEASRNQPETPIFLCEAKADSQLPRERAQSGGPSGKGVSTAPLTPASPECPCSPRPERSSSGTDTRHGRAGVWRAWATDETWPRRCAL,101
38969,MSTSACPIPATPVAPRTACSASMTSTASAVLVTPVGAAPRRVGRVGQQGEPLTALLLPLGRRCESVINGCKGKPCKNGGTCAVASNTARGFICKCPAVGAGVQGGRGPPGETPGEVHVGASGRRPGSDPPGLHPPPHPDVFFFFLVSINDFRDILDL,157
39035,MTSTASAVLVTPVGAAPRRVGRVGQQGEPLTALLLPLGRRCESVINGCKGKPCKNGGTCAVASNTARGFICKCPAVGAGVQGGRGPPGETPGEVHVGASGRRPGSDPPGLHPPPHPDVFFFFLVSINDFRDILDL,135
39171,MAAKASPARMGAPAPWPPTPPAGSSASALR,30
39198,MGAPAPWPPTPPAGSSASALR,21
39384,MSFFFF,6
39414,MILETF,6
39447,MEQEVDSLGWLSPARSSPG,19
39618,MTCLPTLAGSRQRVPALKSSALHQFTPSSISRPPGTPDLSLLVECV,46
39623,MPAHPRRITAESPCPKVLSTPPVYPFLHLPTPWHPRSFSVGRMCVKGFAAGGKVAGRLPG,60
39749,MCVKGFAAGGKVAGRLPG,18
39930,MTLVPAAACAASTAAHASPARAAPPACAWAPSRAPNASSRPAAPAWAATPATTRGPVSPHPRAPSTVACAPPNSTGSCATSWTTASGVGPGATSPRR,97
39976,MHLRPAQPHLPVPGPLHGPRMPVPGQQPLPGRQPLLQPGDL,41
40036,MPVPGQQPLPGRQPLLQPGDL,21
40341,MTPGRTARSLCSAGSTSVTATVTASATQPAASSTALTASVRKASASKAAGLMGLREDLNLDVAWLGPGGQHAVLRLCSGGAGTSPAAGQWAGGTGRRVRGPPRKAA,106
40494,MGLREDLNLDVAWLGPGGQHAVLRLCSGGAGTSPAAGQWAGGTGRRVRGPPRKAA,55
40522,MWPGLGPEASMQF,13
40552,MQF,3
40786,MYPRGWRPARWWWWC,15
40833,MPPEQLRNSSFHFLRELSRVLHTNVVFKRDAHGQQMIFPYYGREEELRKHPIKRAAEGWAAPDALLGQVKASLLPGGSEGGRRRRELDPMDVRG,94
40938,MIFPYYGREEELRKHPIKRAAEGWAAPDALLGQVKASLLPGGSEGGRRRRELDPMDVRG,59
41100,MDVRG,5
41200,MASSTLPTLW,10
41226,MVKETEVPRGPGTSGPAQARSRGSIPAQGPDPTATPFSWATAFPWTGGTPVPSR,54
41661,MPLGHGVCLAWAGEEAGGGPGRGHCWALQLEEELVGVGGPTVGEHRQEQLECRGHPTRLPPMPTRSGAAGPRSQVGCALRVPDPGGFACQFCWLGAILEVRSIISQAGWDPAHGNPVLGSRAHPQPASPHSPPPLHPPPPHACASCRAWGWLLGEDWAPGTYSVLR,166
41674,MASAWLGLERRQVEVLGGGIAGPCSWRRSWWGWGVPRWENTGRSSLSAGGTPQGSRPCLLDLGQLDPGARLVVPFVCLTLVGLPVSSAGLEQSWRSEASSHRLDGILLTGTQSWGAELTPSQPHHTAHHRCTHPHLTPVLPAGPGDGSWGRTGLLAHTLS,160
41844,MPTRSGAAGPRSQVGCALRVPDPGGFACQFCWLGAILEVRSIISQAGWDPAHGNPVLGSRAHPQPASPHSPPPLHPPPPHACASCRAWGWLLGEDWAPGTYSVLR,105
41984,MGSCSREPSPGEQSSPPASLTTQPTTAAPTPTSRLCFLQGLGMAPGGGLGSWHILCPEMRKRVCGTSRSQRGCQGGPGRARWWVSGMSRDQHWPESGGWHQSPAG,105
42110,MAPGGGLGSWHILCPEMRKRVCGTSRSQRGCQGGPGRARWWVSGMSRDQHWPESGGWHQSPAG,63
42158,MRKRVCGTSRSQRGCQGGPGRARWWVSGMSRDQHWPESGGWHQSPAG,47
42242,MSRDQHWPESGGWHQSPAG,19
42345,MS,2
42364,MGLSVLRQHPWPVGGGGGSLGSQPLSDCPPSSIVYLEIDNRQCVQASSQCFQSATDVAAFLGALASLGSLNIPYKIEAVQSKCGPIPGTGSACRGCHPPVPQTRWLFVPVATHGCERCRPSWGRAFLEFSEWHSAPTCGGHSCRWSHLGTSPATGKWVPASLPTLSS,167
42756,MALRPHLRRSQLPVEPPGNESSHGKVGACFSPHPFLLNFLCWVLFQNHYGFF,52
42954,M,1
43152,MTLFWRAGWRRVGEEAPGRGASPPPPGHQPAA,32
43175,MEESG,5
43261,MSGHLPLAPVPAGETVEPPPPAQLHFMYVAAAAFVLLFFVGCGVLLSRKRRRQHGQLWFPEGFKVSEASKKKRREPLGEDSVGLK,85
43339,MYVAAAAFVLLFFVGCGVLLSRKRRRQHGQLWFPEGFKVSEASKKKRREPLGEDSVGLK,59
43421,MASSGSLRASKCLRPARRSGGSPSARTPWASSERTPPLLLGPRWEVGPGRASSPGVCPSRPRAHLPRQARARGLWGLPRELAQPHFSTPHPPGP,94
43729,MDDNQNEWGDEDLETKKFRVSREAPGLLGSRAPAAGLP,38
43745,MSGGTRTWRPRSSG,14
43867,M,1
43946,MPLTCACLPWPPHRPRVRLTPTAWTSMSAGLVRVPAARASLAPWPTCLSPLSPEAGVQLILWKLRIGGESFHPWGVSHSE,80
43963,MSAMAPTPPQGEVDADCMDVNVRGPGKGASSQGFPSPVAHLPLSPKPRGWGTVDTLET,58
43972,MAPTPPQGEVDADCMDVNVRGPGKGASSQGFPSPVAHLPLSPKPRGWGTVDTLET,55
44014,MDVNVRGPGKGASSQGFPSPVAHLPLSPKPRGWGTVDTLET,41
44024,MSAGLVRVPAARASLAPWPTCLSPLSPEAGVQLILWKLRIGGESFHPWGVSHSE,54
44300,MESVDFLFLFFFLFFLFLRWSLAPSPRLECSGTISAPCNLHLSGSSNSPASASPVAGTTGACHHTWLIFVFLAAMGFHHVGQAGLELLTSGDPPTSASPSARMTA,105
44356,MESRSVTQAGVQWHDLGSLQPPPLGFKQFSCLSLPSSWDYRRLPPHLANFCIFSSDGVSPCWPGWSRTPDLR,72
44522,MGFHHVGQAGLELLTSGDPPTSASPSARMTA,31
44535,MLARLVSNS,9
44606,MTA,3
44656,MLLGSSFSWVDFGCQVLGRSGSSCPPGV,28
44939,MASPRS,6
44956,MIASCSGGGLETGNSEEEEDAPAVISDFIYQGASLHNQTDRTGETALHLAARYSRSDAAKRLLEASADANIQDNMGRTPLHAAVSADAQGVFQVGSGCLCAHLPSSGPPGGLGQWPGLRGPGSLTPSTAESGTTGASTWDLRSQRGARGRASGPSVFSREVRQRRVWQEAWGIC,174
45125,MPPSACWRPAQMPTSRTTWAAPRCMRLCLPTHKVSSR,37
45158,MPTSRTTWAAPRCMRLCLPTHKVSSR,26
45178,MGRTPLHAAVSADAQGVFQVGSGCLCAHLPSSGPPGGLGQWPGLRGPGSLTPSTAESGTTGASTWDLRSQRGARGRASGPSVFSREVRQRRVWQEAWGIC,100
45197,MRLCLPTHKVSSR,13
45698,MDLGIWMPGSPGSVPGRGCLCSHPCCESPGSRRPWSKQVQMGTARGVTTELLIS,54
45716,MPGSPGSVPGRGCLCSHPCCESPGSRRPWSKQVQMGTARGVTTELLIS,48
45818,MGTARGVTTELLIS,14
45904,M,1
45985,MWKFPGALQESGQVAFCTRQ,20
46071,MPRPGCITRAAHPLSGQSRTLARRF,25
46241,MAARTTVRIK,10
46270,MRPHVVTMDPTVTKGPVCGQHSPCPHPGPSSGAAPWRFVLPGRADLRRVSSVSGRQWGFPSRRSFWAGGIGVRLPSTRLSLSLLPRS,87
46291,MDPTVTKGPVCGQHSPCPHPGPSSGAAPWRFVLPGRADLRRVSSVSGRQWGFPSRRSFWAGGIGVRLPSTRLSLSLLPRS,80
46374,MAFRLARPCRSQEGLVCVRKTVGLPVQAFVLGRRHRCTSAQHPPEPLPVAQILIRNRATDLDARMHDGTTPLILAARLAVEGMLEDLINSHADVNAVDDLGEPTGARLLCRGAGPPQGRVGLGCLQLVSNLPHLLLSRRQVRPALGRRREQCGCRSCAPEERG,163
46558,MPACMMARRH,10
46566,MHDGTTPLILAARLAVEGMLEDLINSHADVNAVDDLGEPTGARLLCRGAGPPQGRVGLGCLQLVSNLPHLLLSRRQVRPALGRRREQCGCRSCAPEERG,99
46570,MMARRH,6
46573,MARRH,5
46620,MLEDLINSHADVNAVDDLGEPTGARLLCRGAGPPQGRVGLGCLQLVSNLPHLLLSRRQVRPALGRRREQCGCRSCAPEERG,81
46666,MTWVSPRGHGCSVVGRDRHRDGWDWVASSWSPTYPICFFHAGKSALHWAAAVNNVDAAVVLLKNGANKDMQNNRVSARLGCQGRREG,87
46826,MWMPQLCS,8
46832,MPQLCS,6
46873,MQNNRVSARLGCQGRREG,18
46905,MPGET,5
47015,MWAPPA,6
47032,MMRAPR,6
47035,MRAPR,5
47081,MEPFQVQVQLSGHGGSPLRPSPTLLGGSHGGAHSLAWGTLLLPLLCHRHLDLTFCPQLSPGGGGDGNVVTQVVQIEPEHAWRQLPAGRGLLVCSPRPRTSRLRGRSLRTISKGSHPQPSSWPCSSWPCSCCWFPLGAQGTGADTPTSLPPEPPPPPPTPAAPLACQAQASLPPG,174
47166,MAGHTAWRGERCCCHCCVTVTWTSPSVPSCHQAGVGMGMW,40
47274,MGMW,4
47280,MW,2
47572,MSGSGVSPSWVRAHSGPGHRGMLAQALPSPWQHGPTETGPQRASRPGKPLPTPTQQPHPDL,61
47635,MLAQALPSPWQHGPTETGPQRASRPGKPLPTPTQQPHPDL,40
47669,MAPQRLGPRGHQGLGSPFPLPHSSLTQTCDVSTAQRRPQEGAWWPPGWLDGRPDDELPPWCPRRCL,66
47817,MAVQMTSSLPGALAGASEPLQEFPFVPYWGQGRGPAVG,38
47829,MTSSLPGALAGASEPLQEFPFVPYWGQGRGPAVG,34
48031,MYQSLNI,7
48159,MEPWGGSPRLAWPPSPAPALIPQEETPLFLAAREGSYETAKVLLDHFANRDITDHMDRLPRDIAQERMHHDIVRLLDEYNLVRSPQLHGAPLGGTPTLSPPLCSPNGYLGSLKPGVQGKKVRKPSSKGLACGSKEAKDLKARRKKSQDGKGCLLDSSGMLSPVDSLESPHGYLSDVASPPLLPSPFQQSPSVPLNHLPGMPDTHLGIGHLNVAAKPEMAALGGGGRLAFETGPPRLSHLPVASGTSTVLGSSSGGALNFTVGGSTSLNGQCEWLSRLQSGMVPNQYNPLRGSVAPGPLSTQAPSLQHGMVGPLHSSLAASALSQMMSYQGLPSTRLATQPHLVQTQQVQPQNLQMQQQNLQPANIQQQQSLQPPPPPPQPHLGVSSAASGHLGRSFLSGEPSQADVQPLGPSSLAVHTILPQESPALPTSLPSSLVPPVTAAQFLTPPSQHSYSSPVDNTPSHQLQVPEHPFLTPSPESPDQWSSSSPHSNVSDWSEGVSSPPTSMQSQIARIPEAFK,518
48324,MDRLPRDIAQERMHHDIVRLLDEYNLVRSPQLHGAPLGGTPTLSPPLCSPNGYLGSLKPGVQGKKVRKPSSKGLACGSKEAKDLKARRKKSQDGKGCLLDSSGMLSPVDSLESPHGYLSDVASPPLLPSPFQQSPSVPLNHLPGMPDTHLGIGHLNVAAKPEMAALGGGGRLAFETGPPRLSHLPVASGTSTVLGSSSGGALNFTVGGSTSLNGQCEWLSRLQSGMVPNQYNPLRGSVAPGPLSTQAPSLQHGMVGPLHSSLAASALSQMMSYQGLPSTRLATQPHLVQTQQVQPQNLQMQQQNLQPANIQQQQSLQPPPPPPQPHLGVSSAASGHLGRSFLSGEPSQADVQPLGPSSLAVHTILPQESPALPTSLPSSLVPPVTAAQFLTPPSQHSYSSPVDNTPSHQLQVPEHPFLTPSPESPDQWSSSSPHSNVSDWSEGVSSPPTSMQSQIARIPEAFK,463
48360,MHHDIVRLLDEYNLVRSPQLHGAPLGGTPTLSPPLCSPNGYLGSLKPGVQGKKVRKPSSKGLACGSKEAKDLKARRKKSQDGKGCLLDSSGMLSPVDSLESPHGYLSDVASPPLLPSPFQQSPSVPLNHLPGMPDTHLGIGHLNVAAKPEMAALGGGGRLAFETGPPRLSHLPVASGTSTVLGSSSGGALNFTVGGSTSLNGQCEWLSRLQSGMVPNQYNPLRGSVAPGPLSTQAPSLQHGMVGPLHSSLAASALSQMMSYQGLPSTRLATQPHLVQTQQVQPQNLQMQQQNLQPANIQQQQSLQPPPPPPQPHLGVSSAASGHLGRSFLSGEPSQADVQPLGPSSLAVHTILPQESPALPTSLPSSLVPPVTAAQFLTPPSQHSYSSPVDNTPSHQLQVPEHPFLTPSPESPDQWSSSSPHSNVSDWSEGVSSPPTSMQSQIARIPEAFK,451
48633,MLSPVDSLESPHGYLSDVASPPLLPSPFQQSPSVPLNHLPGMPDTHLGIGHLNVAAKPEMAALGGGGRLAFETGPPRLSHLPVASGTSTVLGSSSGGALNFTVGGSTSLNGQCEWLSRLQSGMVPNQYNPLRGSVAPGPLSTQAPSLQHGMVGPLHSSLAASALSQMMSYQGLPSTRLATQPHLVQTQQVQPQNLQMQQQNLQPANIQQQQSLQPPPPPPQPHLGVSSAASGHLGRSFLSGEPSQADVQPLGPSSLAVHTILPQESPALPTSLPSSLVPPVTAAQFLTPPSQHSYSSPVDNTPSHQLQVPEHPFLTPSPESPDQWSSSSPHSNVSDWSEGVSSPPTSMQSQIARIPEAFK,360
48667,MATCQTWPRRHCCPPRSSSLRPCPSTTCLGCPTPTWASGT,40
48756,MPDTHLGIGHLNVAAKPEMAALGGGGRLAFETGPPRLSHLPVASGTSTVLGSSSGGALNFTVGGSTSLNGQCEWLSRLQSGMVPNQYNPLRGSVAPGPLSTQAPSLQHGMVGPLHSSLAASALSQMMSYQGLPSTRLATQPHLVQTQQVQPQNLQMQQQNLQPANIQQQQSLQPPPPPPQPHLGVSSAASGHLGRSFLSGEPSQADVQPLGPSSLAVHTILPQESPALPTSLPSSLVPPVTAAQFLTPPSQHSYSSPVDNTPSHQLQVPEHPFLTPSPESPDQWSSSSPHSNVSDWSEGVSSPPTSMQSQIARIPEAFK,319
48810,MAALGGGGRLAFETGPPRLSHLPVASGTSTVLGSSSGGALNFTVGGSTSLNGQCEWLSRLQSGMVPNQYNPLRGSVAPGPLSTQAPSLQHGMVGPLHSSLAASALSQMMSYQGLPSTRLATQPHLVQTQQVQPQNLQMQQQNLQPANIQQQQSLQPPPPPPQPHLGVSSAASGHLGRSFLSGEPSQADVQPLGPSSLAVHTILPQESPALPTSLPSSLVPPVTAAQFLTPPSQHSYSSPVDNTPSHQLQVPEHPFLTPSPESPDQWSSSSPHSNVSDWSEGVSSPPTSMQSQIARIPEAFK,301
48961,MVNASGCPGCRAAWCRTNTTLCGGVWHQAP,30
48968,MRVAVPAAERHGAEPIQPSAGECGTRPPEHTGPLPAAWHGRPAAQ,45
48999,MVPNQYNPLRGSVAPGPLSTQAPSLQHGMVGPLHSSLAASALSQMMSYQGLPSTRLATQPHLVQTQQVQPQNLQMQQQNLQPANIQQQQSLQPPPPPPQPHLGVSSAASGHLGRSFLSGEPSQADVQPLGPSSLAVHTILPQESPALPTSLPSSLVPPVTAAQFLTPPSQHSYSSPVDNTPSHQLQVPEHPFLTPSPESPDQWSSSSPHSNVSDWSEGVSSPPTSMQSQIARIPEAFK,238
49078,MAW,3
49083,MVGPLHSSLAASALSQMMSYQGLPSTRLATQPHLVQTQQVQPQNLQMQQQNLQPANIQQQQSLQPPPPPPQPHLGVSSAASGHLGRSFLSGEPSQADVQPLGPSSLAVHTILPQESPALPTSLPSSLVPPVTAAQFLTPPSQHSYSSPVDNTPSHQLQVPEHPFLTPSPESPDQWSSSSPHSNVSDWSEGVSSPPTSMQSQIARIPEAFK,210
49131,MMSYQGLPSTRLATQPHLVQTQQVQPQNLQMQQQNLQPANIQQQQSLQPPPPPPQPHLGVSSAASGHLGRSFLSGEPSQADVQPLGPSSLAVHTILPQESPALPTSLPSSLVPPVTAAQFLTPPSQHSYSSPVDNTPSHQLQVPEHPFLTPSPESPDQWSSSSPHSNVSDWSEGVSSPPTSMQSQIARIPEAFK,194
49134,MSYQGLPSTRLATQPHLVQTQQVQPQNLQMQQQNLQPANIQQQQSLQPPPPPPQPHLGVSSAASGHLGRSFLSGEPSQADVQPLGPSSLAVHTILPQESPALPTSLPSSLVPPVTAAQFLTPPSQHSYSSPVDNTPSHQLQVPEHPFLTPSPESPDQWSSSSPHSNVSDWSEGVSSPPTSMQSQIARIPEAFK,193
49221,MQQQNLQPANIQQQQSLQPPPPPPQPHLGVSSAASGHLGRSFLSGEPSQADVQPLGPSSLAVHTILPQESPALPTSLPSSLVPPVTAAQFLTPPSQHSYSSPVDNTPSHQLQVPEHPFLTPSPESPDQWSSSSPHSNVSDWSEGVSSPPTSMQSQIARIPEAFK,164
49674,MQSQIARIPEAFK,13
49782,MPGPTRGAFLKHMFLYKIRTRILIFFSIYLCTFILHRNTAFLFICTVLSGPR,52
49818,MFLYKIRTRILIFFSIYLCTFILHRNTAFLFICTVLSGPR,40
49871,MYFYFTQKHCLFIYMYCFIWPQVETFIYSEKTSKF,35
49913,MYCFIWPQVETFIYSEKTSKF,21
50002,MKRFFCVYKI,10
50045,MIYKCHLFIDSFFQNPKRNDVGEGKLNEHSPKSSWGVQAAPFPRRPPNPKPARPLHQHHLPVRRSCIQRQTEAKLAHLPHAD,82
50056,MPFIY,5
50100,MMLEKGS,7
50103,MLEKGS,6
50327,MG,2
50336,MLPCVLDGFLQACL,14
50344,MCFRWFLASMLVKMCSRSVYAKSAPMVPIMNLCFRFSIM,39
50355,MVSCKHACENVFSECVCQECTHGTNHESLFQVQYYVVVRWLYKFLVPPEPPRPPARS,57
50371,MLVKMCSRSVYAKSAPMVPIMNLCFRFSIM,30
50383,MCSRSVYAKSAPMVPIMNLCFRFSIM,26
50402,MPRVHPWYQS,10
50419,MVPIMNLCFRFSIM,14
50431,MNLCFRFSIM,10
50458,M,1
50530,M,1
50541,MHVKHEMCGLWHLPGSHTEASYPFLGKDTAWADPGGGPSTSACTVSPRFRRRCSSNTAWAPARGTRPPVGSRVL,74
50545,MSNMRCVDCGTCLGHTRRHPTLFWGKTLPGLTPVAAPAPQPAQCPPGSEEDAPATQPGPQLAGPDPPWAPVFCRRLARAGHIELCNAVGCVLWSCPRSPGRGHAVGQGLEGGGGCPWATPPSLGGADFCNTKYSLWQKKCL,141
50554,MRCVDCGTCLGHTRRHPTLFWGKTLPGLTPVAAPAPQPAQCPPGSEEDAPATQPGPQLAGPDPPWAPVFCRRLARAGHIELCNAVGCVLWSCPRSPGRGHAVGQGLEGGGGCPWATPPSLGGADFCNTKYSLWQKKCL,138
50559,MCGLWHLPGSHTEASYPFLGKDTAWADPGGGPSTSACTVSPRFRRRCSSNTAWAPARGTRPPVGSRVL,68
50696,MLQQHSLGPSSRDPTPRGLPCFVGDLPEPGTLSCATPWAASFGPVPAALAGGMRSGRGWREAGAALGPPLLVWEEQIFAIPSIAYGRKNVCKYVFKGGFCLKNLNE,106
50852,MRSGRGWREAGAALGPPLLVWEEQIFAIPSIAYGRKNVCKYVFKGGFCLKNLNE,54
50949,MAEKMSVNMFLKVDFV,16
50961,MSVNMFLKVDFV,12
50973,MFLKVDFV,8
51009,MNESVVCHASEGRQTWLSSGSLSRPCTGDAPLPCRLHSSGQPPPALRGPRGAIPRGHDQMRPKMLIFTVFYKIECSLQKKTLKVIYMRNCR,91
51013,MSLLCVMPVRDVRLGSARGALAAHALGTLRCRAACTPQGSLPRLYGGRVVPSPGGMTRCVPRC,63
51031,MPVRDVRLGSARGALAAHALGTLRCRAACTPQGSLPRLYGGRVVPSPGGMTRCVPRC,57
51083,MHWGRSAAVPPALLRAASPGSTGAAWCHPQGA,32
51178,MTRCVPRC,8
51186,MRPKMLIFTVFYKIECSLQKKTLKVIYMRNCR,32
51198,MLIFTVFYKIECSLQKKTLKVIYMRNCR,28
51267,MRNCR,5
51281,MMYFFHLFC,9
51284,MYFFHLFC,8
